threshold,user_percentage,user_count
>50,93.31858952896188,105911
>500,41.085872380918815,46630
